<?xml version="1.0" encoding="UTF-8"?><?xml-stylesheet type='text/xsl' href='_UpgradeReport_Files/UpgradeReport.xslt'?><UpgradeLog>
<Properties><Property Name="Solution" Value="DB Change Notification">
</Property><Property Name="Solution File" Value="C:\Documents and Settings\Oracle.XP_ONE\Desktop\codesnippets\ChangeNotification\DB Change Notification.sln">
</Property><Property Name="Date" Value="Tuesday, September 02, 2008">
</Property><Property Name="Time" Value="16:15 PM">
</Property><Property Name="Log Number" Value="2">
</Property></Properties><Event ErrorLevel="0" Project="DB Change Notification" Source="DB Change Notification.csproj" Description="Project converted successfully">
</Event><Event ErrorLevel="3" Project="DB Change Notification" Source="DB Change Notification.csproj" Description="Converted">
</Event><Event ErrorLevel="0" Project="" Source="DB Change Notification.sln" Description="Solution converted successfully">
</Event><Event ErrorLevel="3" Project="" Source="DB Change Notification.sln" Description="Converted">
</Event><Event ErrorLevel="0" Project="DB Change Notification" Source="DB Change Notification.csproj" Description="Scan complete: Upgrade not required for project files.">
</Event></UpgradeLog>