<?xml version="1.0" encoding="UTF-8"?><?xml-stylesheet type='text/xsl' href='_UpgradeReport_Files/UpgradeReport.xslt'?><UpgradeLog>
<Properties><Property Name="Solution" Value="DB Change Notification">
</Property><Property Name="Solution File" Value="C:\Documents and Settings\Oracle.XP_ONE\Desktop\codesnippets\ChangeNotification\DB Change Notification.sln">
</Property><Property Name="Date" Value="Thursday, December 16, 2010">
</Property><Property Name="Time" Value="4:02 AM">
</Property><Property Name="Log Number" Value="3">
</Property></Properties><Event ErrorLevel="1" Project="DB Change Notification" Source="DB Change Notification.csproj" Description="Your project is targeting .NET Framework 2.0 or 3.0. If your project uses assemblies requiring a newer .NET Framework, your project will fail to build. You can change the .NET Framework version by clicking Properties on the project menu and then selecting a new version in the '.NET Framework' dropdown box. (In Visual Basic, this is located on the Compile tab by clicking the 'Advanced Compiler Options...' button.)">
</Event><Event ErrorLevel="0" Project="DB Change Notification" Source="DB Change Notification.csproj" Description="Project converted successfully">
</Event><Event ErrorLevel="3" Project="DB Change Notification" Source="DB Change Notification.csproj" Description="Converted">
</Event><Event ErrorLevel="0" Project="" Source="DB Change Notification.sln" Description="Solution converted successfully">
</Event><Event ErrorLevel="3" Project="" Source="DB Change Notification.sln" Description="Converted">
</Event><Event ErrorLevel="0" Project="DB Change Notification" Source="DB Change Notification.csproj" Description="Scan complete: Upgrade not required for project files.">
</Event></UpgradeLog>