<?xml version="1.0" encoding="UTF-8"?><?xml-stylesheet type='text/xsl' href='_UpgradeReport_Files/UpgradeReport.xslt'?><UpgradeLog>
<Properties><Property Name="Solution" Value="DB Change Notification">
</Property><Property Name="Solution File" Value="D:\Desktop\hol\Change Notification - Lab A\DB Change Notification.sln">
</Property><Property Name="User Options File" Value="D:\Desktop\hol\Change Notification - Lab A\DB Change Notification.suo">
</Property><Property Name="Date" Value="Tuesday, May 08, 2007">
</Property><Property Name="Time" Value="11:42 AM">
</Property></Properties><Event ErrorLevel="0" Project="" Source="DB Change Notification.sln" Description="File successfully backed up as D:\Desktop\hol\Change Notification - Lab A\Backup\DB Change Notification.sln">
</Event><Event ErrorLevel="0" Project="" Source="DB Change Notification.suo" Description="File successfully backed up as D:\Desktop\hol\Change Notification - Lab A\Backup\DB Change Notification.suo">
</Event><Event ErrorLevel="0" Project="DB Change Notification" Source="DB Change Notification.csproj" Description="Project file successfully backed up as D:\Desktop\hol\Change Notification - Lab A\Backup\DB Change Notification.csproj">
</Event><Event ErrorLevel="0" Project="DB Change Notification" Source="DB Change Notification.csproj.user" Description="Project user file successfully backed up as D:\Desktop\hol\Change Notification - Lab A\Backup\DB Change Notification.csproj.user">
</Event><Event ErrorLevel="0" Project="DB Change Notification" Source="AssemblyInfo.cs" Description="File successfully backed up as D:\Desktop\hol\Change Notification - Lab A\Backup\AssemblyInfo.cs">
</Event><Event ErrorLevel="0" Project="DB Change Notification" Source="Form1.cs" Description="File successfully backed up as D:\Desktop\hol\Change Notification - Lab A\Backup\Form1.cs">
</Event><Event ErrorLevel="0" Project="DB Change Notification" Source="App.ico" Description="File successfully backed up as D:\Desktop\hol\Change Notification - Lab A\Backup\App.ico">
</Event><Event ErrorLevel="0" Project="DB Change Notification" Source="Form1.resx" Description="File successfully backed up as D:\Desktop\hol\Change Notification - Lab A\Backup\Form1.resx">
</Event><Event ErrorLevel="0" Project="DB Change Notification" Source="DB Change Notification.csproj" Description="Project converted successfully">
</Event><Event ErrorLevel="3" Project="DB Change Notification" Source="DB Change Notification.csproj" Description="Converted">
</Event><Event ErrorLevel="0" Project="" Source="DB Change Notification.sln" Description="Solution converted successfully">
</Event><Event ErrorLevel="3" Project="" Source="DB Change Notification.sln" Description="Converted">
</Event><Event ErrorLevel="0" Project="DB Change Notification" Source="DB Change Notification.csproj" Description="Scan complete: Upgrade not required for project files.">
</Event></UpgradeLog>